Date,Open,High,Low,Close,Volume,SMA_20,RSI,MACD,MACD_Signal,MACD_Histogram,Target,Model_Prediction
2024-05-16,189.0082,189.6334,188.2044,188.383,52845200,175.6266,74.2081,4.9761,3.8032,1.1729,1,1
2024-05-17,188.0556,189.3456,187.7281,188.4128,41282900,176.8717,74.2396,5.1337,4.0693,1.0644,1,1
2024-05-20,187.877,190.4471,187.5594,189.5738,44361300,178.1332,75.4985,5.2912,4.3137,0.9775,1,1
2024-05-21,189.6234,191.2509,189.4547,190.8738,42309400,179.4071,76.8619,5.4581,4.5426,0.9155,0,0
2024-05-22,190.7944,191.3402,188.8098,189.4349,34648500,180.5041,72.0808,5.4118,4.7164,0.6954,0,0
2024-05-23,189.5143,189.5341,185.1977,185.4458,51005900,181.3585,60.7907,4.9957,4.7723,0.2234,1,1
2024-05-24,187.3709,189.1174,186.5968,188.522,36327000,182.3959,65.3038,4.8581,4.7895,0.0687,1,1
2024-05-28,190.0402,191.5188,187.6488,188.5319,52280100,183.2258,65.3177,4.6958,4.7707,-0.0749,1,1
2024-05-29,188.1548,190.7746,188.0556,188.8296,53068000,184.2275,65.7599,4.5388,4.7243,-0.1855,1,1
2024-05-30,189.296,190.7051,189.167,189.8219,49889100,185.33,67.2583,4.4433,4.6681,-0.2249,1,1
2024-05-31,189.9708,191.0921,188.4525,190.7746,75158300,186.2952,68.6756,4.3938,4.6132,-0.2195,1,1
2024-06-03,191.4196,193.4935,191.0425,192.5409,50080500,186.836,71.1676,4.4458,4.5798,-0.1339,1,1
2024-06-04,193.1462,193.821,191.5486,192.8585,47471400,187.4753,71.605,4.4613,4.5561,-0.0948,1,1
2024-06-05,193.9004,195.3889,193.3745,194.3668,54156800,188.1559,73.6496,4.5429,4.5534,-0.0106,0,0
2024-06-06,194.1881,194.9919,192.6798,192.9874,41181800,188.7507,68.7726,4.445,4.5317,-0.0868,1,1
2024-06-07,193.1561,195.4285,192.65,195.3789,53103900,189.3744,72.2087,4.5084,4.5271,-0.0187,0,0
2024-06-10,195.3889,195.7858,190.6753,191.6379,97010200,189.874,60.9166,4.2083,4.4633,-0.255,1,1
2024-06-11,192.1638,205.5701,192.144,205.5602,172373300,190.9095,75.9744,5.0358,4.5778,0.458,1,1
2024-06-12,205.7785,218.5101,205.3121,211.4348,198134300,192.1817,79.554,6.0954,4.8813,1.2141,1,1
2024-06-13,213.092,215.0865,209.9761,212.5958,97862700,193.3983,80.1824,6.9487,5.2948,1.6539,0,0
2024-06-14,212.2088,213.5186,209.6784,210.8592,70122700,194.5221,76.3999,7.3995,5.7157,1.6838,1,1
2024-06-17,211.7325,217.2696,211.0875,215.0071,93728300,195.8518,78.9538,7.9993,6.1725,1.8269,0,0
2024-06-18,215.9201,216.9521,211.3653,212.6454,79943300,197.0054,74.0408,8.1897,6.5759,1.6138,0,0
2024-06-20,212.2882,212.5958,207.2472,208.0708,86172500,197.8652,65.5345,7.8805,6.8368,1.0437,0,0
2024-06-21,208.7753,210.2638,205.5205,205.8976,241805100,198.6883,61.8965,7.3752,6.9445,0.4307,1,1
2024-06-24,206.1258,211.0676,205.0045,206.5426,80727000,199.7432,62.5608,6.9467,6.9449,0.0017,1,1
2024-06-25,207.5448,209.7577,207.009,207.4655,55549700,200.6904,63.5403,6.6054,6.877,-0.2716,1,1
2024-06-26,209.8768,213.211,209.0234,211.6134,66213200,201.8444,67.6382,6.5936,6.8203,-0.2267,1,1
2024-06-27,213.0423,214.0843,210.7203,212.4569,49772700,203.0258,68.4156,6.5765,6.7716,-0.1951,0,0
2024-06-28,214.114,214.4117,208.686,209.0036,82542700,203.9849,61.8633,6.2127,6.6598,-0.4471,1,1
2024-07-01,210.4623,215.8407,210.2936,215.0865,60402900,205.2005,67.7267,6.3421,6.5963,-0.2541,1,1
2024-07-02,214.4911,218.6887,213.4492,218.5795,58046200,206.5024,70.5287,6.6499,6.607,0.0429,1,1
2024-07-03,218.3116,219.8497,217.349,219.8497,37369800,207.852,71.4977,6.9166,6.6689,0.2477,1,1
2024-07-05,219.9489,224.7121,219.9489,224.6029,60412400,209.3638,74.8328,7.4258,6.8203,0.6055,1,1
2024-07-08,225.3472,226.1013,221.5366,226.0716,59085900,211.018,75.776,7.8574,7.0277,0.8297,1,1
2024-07-09,226.1807,227.6394,224.6327,226.925,48076100,212.5953,76.331,8.174,7.257,0.917,1,1
2024-07-10,227.5402,231.2912,227.4906,231.192,62627700,214.573,78.9307,8.6693,7.5394,1.1299,0,0
2024-07-11,229.6142,230.6065,224.0373,225.8235,64710600,215.5862,68.7062,8.5303,7.7376,0.7927,1,1
2024-07-12,227.1631,230.8546,226.9249,228.7707,53046500,216.453,70.9323,8.5593,7.902,0.6574,1,1
2024-07-15,234.6651,235.4094,231.3011,232.6011,62631300,217.4532,73.5644,8.7901,8.0796,0.7105,1,1
2024-07-16,233.1965,234.4567,230.547,233.0179,43234300,218.5612,73.8419,8.9039,8.2445,0.6595,0,0
2024-07-17,227.6891,229.6836,224.9006,227.1234,57345900,219.167,63.6619,8.4215,8.2799,0.1416,0,0
2024-07-18,228.5127,228.6715,220.5642,222.4595,66034600,219.6577,56.9695,7.5754,8.139,-0.5635,1,1
2024-07-19,223.0946,225.0594,221.5664,222.5885,49151500,220.3836,57.1038,6.8365,7.8785,-1.0419,0,0
2024-07-22,225.2678,226.0319,221.3779,222.2412,48201800,221.2007,56.5916,6.152,7.5332,-1.3812,1,1
2024-07-23,222.648,225.1983,220.971,223.2831,39960300,222.0378,57.8141,5.6287,7.1523,-1.5236,0,0
2024-07-24,222.2809,223.0747,215.4636,216.8628,61777600,222.5076,48.7108,4.6424,6.6503,-2.0079,0,0
2024-07-25,217.2498,219.155,212.9728,215.8208,51391200,222.718,47.4063,3.7337,6.067,-2.3333,1,1
2024-07-26,217.0216,217.8055,214.3522,216.2872,41601300,222.9095,48.0766,3.0163,5.4569,-2.4405,1,1
2024-07-29,215.2949,217.6169,214.0942,216.5651,36311800,223.2876,48.4978,2.4421,4.8539,-2.4118,1,1
2024-07-30,217.5078,218.639,214.4613,217.1208,41643800,223.3893,49.382,2.0087,4.2849,-2.2762,1,1
2024-07-31,219.7405,222.1023,218.9367,220.3756,50036300,223.4791,54.3284,1.9059,3.8091,-1.9032,0,0
2024-08-01,222.648,222.7572,215.3545,216.6842,62501000,223.3208,48.5356,1.5092,3.3491,-1.8399,1,1
2024-08-02,217.4681,223.8686,216.0392,218.1727,105568600,222.9993,50.813,1.2999,2.9393,-1.6394,0,0
2024-08-05,197.5621,211.8615,194.4958,207.6639,119548600,222.0789,38.0207,0.2828,2.408,-2.1252,0,0
2024-08-06,203.7244,208.3784,199.5269,205.6396,69660500,221.0147,36.1335,-0.6788,1.7906,-2.4694,1,1
2024-08-07,205.3121,212.0004,204.806,208.2097,63516400,219.8656,40.1923,-1.2194,1.1886,-2.408,1,1
2024-08-08,211.4745,212.5561,207.2273,211.6729,47161100,219.158,45.2421,-1.3528,0.6803,-2.0331,1,1
2024-08-09,210.4722,215.1163,210.3432,214.5804,42201600,218.4485,49.1259,-1.2099,0.3023,-1.5122,1,1
2024-08-12,214.6599,218.0775,214.193,216.1104,38028100,217.624,51.0916,-0.9622,0.0494,-1.0116,1,1
2024-08-13,217.5807,220.4419,217.5807,219.826,44155300,216.9644,55.5805,-0.4607,-0.0526,-0.4081,1,1
2024-08-14,219.1306,221.5745,218.2662,220.2731,41960600,216.6219,56.1025,-0.0269,-0.0475,0.0206,1,1
2024-08-15,223.1343,223.8794,221.3063,223.2535,46414000,216.6616,59.5184,0.551,0.0722,0.4788,1,1
2024-08-16,222.4587,225.3497,222.1905,224.5748,44340200,216.7609,60.9684,1.103,0.2784,0.8246,0,0
2024-08-19,224.247,224.5152,221.5844,224.4158,40687800,216.8696,60.6868,1.5101,0.5247,0.9854,1,1
2024-08-20,224.2966,225.6875,223.9787,225.0318,30299000,216.9571,61.4303,1.8611,0.792,1.0691,0,0
2024-08-21,225.0417,226.4922,223.5813,224.9225,34765500,217.36,61.2091,2.1061,1.0548,1.0513,0,0
2024-08-22,226.3034,226.8498,222.4388,223.0647,43695300,217.7222,57.4239,2.1259,1.269,0.8568,1,1
2024-08-23,224.1873,226.7306,222.866,225.3596,38677300,218.1759,60.6603,2.3002,1.4753,0.8249,1,1
2024-08-26,225.2801,225.7968,222.4289,225.6974,30602200,218.6325,61.1286,2.4375,1.6677,0.7698,1,1
2024-08-27,224.5251,227.3565,223.4224,226.5419,35934600,219.1035,62.3359,2.5847,1.8511,0.7336,0,0
2024-08-28,226.4326,228.3599,224.2072,225.0119,38052200,219.3353,58.7743,2.5485,1.9906,0.5579,1,1
2024-08-29,228.5984,231.4,227.3863,228.2904,51906300,219.9156,63.5767,2.7526,2.143,0.6096,0,0
2024-08-30,228.6878,228.8964,225.9955,227.5055,52990800,220.3823,61.723,2.8186,2.2781,0.5405,0,0
2024-09-03,227.0585,227.5055,219.7266,221.3162,50190600,221.0649,49.4728,2.3444,2.2914,0.053,0,0
2024-09-04,220.2134,220.3327,216.0607,219.4087,43840200,221.7534,46.4154,1.794,2.1919,-0.3979,1,1
2024-09-05,220.1837,224.0085,220.0744,220.9288,36615400,222.3893,49.1141,1.4636,2.0462,-0.5826,0,0
2024-09-06,222.4885,223.7701,218.3358,219.3789,48423000,222.7746,46.5403,1.0644,1.8499,-0.7855,1,1
2024-09-09,219.3789,219.826,215.2958,219.4683,67180000,223.019,46.7138,0.7467,1.6292,-0.8826,0,0
2024-09-10,217.4913,220.0346,215.3156,218.6736,51591000,223.1472,45.3063,0.4258,1.3885,-0.9627,1,1
2024-09-11,220.0147,221.6341,216.468,221.2069,44587100,223.2162,50.4329,0.3717,1.1852,-0.8135,1,1
2024-09-12,221.048,222.0911,218.3854,221.3162,37455600,223.2684,50.6478,0.3337,1.0149,-0.6812,0,0
2024-09-13,222.1209,222.5779,220.4618,221.0479,36766600,223.1581,50.0739,0.2788,0.8677,-0.5889,0,0
2024-09-16,215.1268,215.8024,212.5239,214.9083,59357400,222.6748,39.1419,-0.2572,0.6427,-0.8999,1,1
2024-09-17,214.342,215.4845,213.1002,215.3752,45519300,222.2227,40.211,-0.6369,0.3868,-1.0237,1,1
2024-09-18,216.1303,221.2566,216.1203,219.2498,59894900,221.9336,48.3231,-0.6181,0.1858,-0.8039,1,1
2024-09-19,223.5217,228.3202,223.1641,227.3764,66781300,222.0563,60.4453,0.0519,0.159,-0.1071,0,0
2024-09-20,228.4692,231.5688,226.1345,226.7108,318679900,222.2386,59.22,0.5232,0.2319,0.2914,0,0
2024-09-23,225.8564,227.9526,224.3364,224.9921,54146000,222.2203,56.0599,0.7494,0.3354,0.414,1,1
2024-09-24,227.1578,227.8533,224.2569,225.8862,43556100,222.2297,57.3354,0.9894,0.4662,0.5232,0,0
2024-09-25,223.4621,225.8067,222.558,224.8927,42308700,222.1472,55.4107,1.0869,0.5903,0.4966,1,1
2024-09-26,225.8166,227.0088,223.939,226.0352,36636700,222.1984,57.1904,1.242,0.7207,0.5214,1,1
2024-09-27,226.9691,228.0221,225.8166,226.3034,34026000,222.0991,57.6182,1.3708,0.8507,0.5201,1,1
2024-09-30,228.5387,231.4794,228.1513,231.4794,54541900,222.2977,64.9048,1.869,1.0543,0.8147,0,0
2024-10-01,228.0222,228.1513,222.2799,224.7338,63285000,222.4686,52.2876,1.6999,1.1835,0.5164,1,1
2024-10-02,224.4159,225.8862,221.5646,225.3,32880600,222.7632,53.1117,1.5932,1.2654,0.3278,0,0
2024-10-03,223.6707,225.3298,221.8626,224.1973,34044200,222.9266,51.2552,1.4035,1.293,0.1105,1,1
2024-10-04,226.4127,226.512,222.6673,225.3199,37245100,223.2237,53.0541,1.3284,1.3001,0.0283,0,0
2024-10-07,223.0349,224.2172,219.8856,220.2433,39505400,223.2624,44.9714,0.8495,1.21,-0.3605,1,1
2024-10-08,222.8362,224.5052,221.7931,224.2966,31855700,223.5436,51.3451,0.7879,1.1256,-0.3376,1,1
2024-10-09,223.7601,228.2506,223.3628,228.042,33591100,223.8853,56.3734,1.0295,1.1064,-0.0769,0,0
2024-10-10,226.2935,228.0023,225.6875,227.5453,28183500,224.1968,55.5534,1.1674,1.1186,0.0488,0,0
2024-10-11,227.8036,227.9129,225.8564,226.065,31759200,224.4476,53.0758,1.144,1.1237,0.0204,1,1
2024-10-14,227.2075,230.2177,227.1082,229.7905,39882100,225.1917,58.1363,1.4099,1.1809,0.229,1,1
2024-10-15,232.0854,235.9401,230.8535,232.3239,64751400,226.0392,61.2005,1.8042,1.3056,0.4987,0,0
2024-10-16,230.0886,230.6052,228.34,230.2674,34082200,226.59,57.5199,1.9286,1.4302,0.4984,1,1
2024-10-17,231.9066,232.3239,229.0156,230.635,32993800,226.753,58.0061,2.0333,1.5508,0.4825,1,1
2024-10-18,234.6387,234.6387,232.4828,233.4664,46431500,227.0908,61.647,2.3181,1.7043,0.6138,1,1
2024-10-21,232.92,235.3043,232.92,234.9367,36254500,227.588,63.4206,2.6321,1.8898,0.7422,0,0
2024-10-22,232.3636,234.6784,231.0821,234.3208,38846600,228.0097,62.1246,2.7989,2.0716,0.7273,0,0
2024-10-23,232.5524,233.6054,226.2736,229.254,52287000,228.2278,52.6016,2.4936,2.156,0.3376,0,0
2024-10-24,228.4791,229.3137,226.9194,229.0653,31109500,228.3793,52.2801,2.2109,2.167,0.0439,1,1
2024-10-25,228.2407,231.698,228.0719,229.8998,38802300,228.5591,53.6296,2.0308,2.1398,-0.109,1,1
2024-10-28,231.7974,233.1982,231.0324,231.8768,36087100,228.579,56.75,2.0242,2.1167,-0.0924,1,1
2024-10-29,231.5788,232.8008,230.8039,232.1451,35417200,228.9496,57.1711,2.0174,2.0968,-0.0794,0,0
2024-10-30,231.092,231.9464,228.052,228.5984,47070900,229.1145,50.2098,1.7062,2.0187,-0.3125,0,0
2024-10-31,227.8433,228.3301,223.8992,224.4357,64370100,229.1264,43.513,1.1108,1.8371,-0.7263,0,0
2024-11-01,219.5279,223.8794,218.8325,221.4553,65276700,228.9332,39.4554,0.394,1.5485,-1.1545,0,0
2024-11-04,219.5478,221.336,218.2761,220.5611,44944500,228.9491,38.3014,-0.2435,1.1901,-1.4336,1,1
2024-11-05,220.3525,222.4885,219.6968,221.9918,28111300,228.8338,41.2615,-0.626,0.8269,-1.4529,0,0
2024-11-06,221.1572,224.5947,219.7465,221.2665,54561100,228.495,40.2084,-0.9765,0.4662,-1.4427,1,1
2024-11-07,223.1641,226.3929,223.1045,225.9955,42137700,228.4175,49.296,-0.8627,0.2004,-1.0631,0,0
2024-11-08,225.9358,227.4177,225.1799,225.7269,38328800,228.4006,48.842,-0.7851,0.0033,-0.7884,0,0
2024-11-11,223.7776,224.4738,220.2966,223.0117,42005600,228.0617,44.3907,-0.932,-0.1837,-0.7482,0,0
2024-11-12,223.33,224.3644,222.1465,223.0117,40398300,227.5961,44.3907,-1.0364,-0.3543,-0.6821,1,1
2024-11-13,222.7929,225.4186,221.5497,223.8969,48566200,227.2776,46.2431,-1.0358,-0.4906,-0.5452,1,1
2024-11-14,223.7975,227.6265,223.7776,226.9801,44923900,227.0948,52.2139,-0.7776,-0.548,-0.2296,0,0
2024-11-15,225.1699,225.6871,223.0515,223.7776,47923700,226.6104,46.4435,-0.8219,-0.6028,-0.2191,1,1
2024-11-18,224.0262,228.4918,223.9466,226.7812,44633700,226.2026,51.8214,-0.6076,-0.6037,-0.0039,1,1
2024-11-19,225.7468,228.9095,225.4286,227.0397,36211800,225.8386,52.2658,-0.4122,-0.5654,0.1532,1,1
2024-11-20,226.8209,228.6808,224.6627,227.7558,35169600,225.7636,53.5437,-0.1973,-0.4918,0.2945,0,0
2024-11-21,227.6365,228.9095,224.4837,227.2785,42108300,225.6743,52.534,-0.0647,-0.4064,0.3417,1,1
2024-11-22,226.8209,229.4665,226.8209,228.6211,38168300,225.6104,55.0987,0.147,-0.2957,0.4427,1,1
2024-11-25,230.2025,231.9827,228.4918,231.6048,90152800,225.5968,60.24,0.5492,-0.1267,0.6759,1,1
2024-11-26,232.0623,234.2902,232.0623,233.7829,45986200,225.6787,63.5235,1.0318,0.105,0.9268,0,0
2024-11-27,233.1961,234.4095,232.5397,233.6536,33498400,225.9314,63.1899,1.3878,0.3615,1.0263,1,1
2024-11-29,233.5343,236.518,232.6988,236.0406,28481400,226.5117,66.6699,1.8414,0.6575,1.1839,1,1
2024-12-02,235.9809,239.4818,235.8715,238.2883,48137100,227.3533,69.5858,2.355,0.997,1.358,1,1
2024-12-03,238.5071,241.4411,237.6021,241.3317,38861000,228.3918,73.0267,2.9734,1.3923,1.5811,1,1
2024-12-04,241.5505,242.7838,239.9393,241.6897,44383900,229.3767,73.4078,3.4526,1.8043,1.6482,1,1
2024-12-05,242.6644,243.2114,240.8145,241.7196,40033900,230.3994,73.4415,3.791,2.2017,1.5893,0,0
2024-12-06,241.5903,243.3009,240.7648,241.5206,36870600,231.1757,72.7796,3.9971,2.5608,1.4363,1,1
2024-12-09,240.5161,245.8967,240.4366,245.4094,44649200,232.1598,77.1204,4.4233,2.9333,1.49,1,1
2024-12-10,245.5487,246.8615,244.0071,246.4239,36914800,233.3304,78.1015,4.7876,3.3041,1.4835,0,0
2024-12-11,246.6128,249.4374,244.9221,245.1508,45205800,234.4373,73.8235,4.917,3.6267,1.2903,1,1
2024-12-12,245.5486,247.3886,244.3452,246.6128,32777500,235.5731,75.4843,5.079,3.9172,1.1618,1,1
2024-12-13,246.4736,247.9356,244.9022,246.7819,33155300,236.5632,75.6765,5.1615,4.166,0.9954,1,1
2024-12-16,246.6427,250.0143,246.3045,249.6761,51694800,237.8582,78.7479,5.3981,4.4124,0.9857,1,1
2024-12-17,248.7213,252.4509,248.4229,252.1028,51356400,239.1242,80.9231,5.7157,4.6731,1.0426,0,0
2024-12-18,250.79,252.8985,246.394,246.7023,56774100,240.1074,64.9831,5.4685,4.8322,0.6363,1,1
2024-12-19,246.1553,250.6309,245.7475,248.4329,60882300,241.1412,67.2118,5.3505,4.9358,0.4147,1,1
2024-12-20,246.6924,253.6146,244.3552,253.1074,147495300,242.4327,72.3342,5.5701,5.0627,0.5074,1,1
2024-12-23,253.3858,254.261,252.073,253.8831,40858800,243.6958,73.0856,5.7405,5.1982,0.5422,1,1
2024-12-24,254.102,256.8072,253.903,256.7972,23234700,244.9554,75.7503,6.041,5.3668,0.6742,1,1
2024-12-26,256.7873,258.6869,256.2303,257.6128,27237100,246.1469,76.4529,6.2727,5.548,0.7247,0,0
2024-12-27,256.4292,257.2945,251.6851,254.2014,42355300,247.1743,67.6262,6.1106,5.6605,0.4501,0,0
2024-12-30,250.8596,252.1227,249.3877,250.8298,35557500,247.9137,60.2256,5.645,5.6574,-0.0124,0,0
2024-12-31,251.0685,251.9039,248.0748,249.0595,39480700,248.4523,56.7159,5.0747,5.5408,-0.4662,0,0
2025-01-02,247.5776,247.7467,240.5062,242.5252,55740700,248.512,46.0491,4.0487,5.2424,-1.1937,0,0
2025-01-03,242.0378,242.8534,240.5758,242.0378,40244100,248.5294,45.3638,3.1599,4.8259,-1.666,1,1
2025-01-06,242.9827,245.9863,241.8787,243.6689,45045600,248.6268,48.1452,2.5577,4.3723,-1.8146,0,0
2025-01-07,241.6599,244.2159,240.0388,240.8941,40856000,248.5955,44.038,1.8353,3.8649,-2.0296,1,1
2025-01-08,240.6057,242.3859,238.7458,241.3814,37628900,248.3941,44.9266,1.2873,3.3494,-2.062,0,0
2025-01-10,238.706,238.8552,231.7341,235.5632,61710900,247.8511,37.3095,0.3792,2.7553,-2.3761,0,0
2025-01-13,232.2612,233.395,228.4719,233.1265,49630700,247.2499,34.6592,-0.531,2.0981,-2.6291,0,0
2025-01-14,233.4746,234.8371,231.207,232.0126,39435300,246.5198,33.4881,-1.3269,1.4131,-2.74,1,1
2025-01-15,233.3652,237.6617,233.1563,236.5776,39832000,246.0096,42.1197,-1.5712,0.8162,-2.3874,0,0
2025-01-16,236.0605,236.7169,226.7911,227.0199,71759100,244.8768,32.585,-2.5072,0.1515,-2.6587,1,1
2025-01-17,230.8589,231.028,227.2387,228.7305,68488300,243.7082,35.4036,-3.0754,-0.4939,-2.5816,0,0
2025-01-21,222.783,223.2007,218.1881,221.4304,98070400,242.4446,29.6975,-4.068,-1.2087,-2.8593,1,1
2025-01-22,218.5959,222.9024,218.5959,222.6139,64126500,241.1537,31.6217,-4.7048,-1.9079,-2.7969,0,0
2025-01-23,223.519,225.7965,221.0922,222.4449,60234800,239.6205,31.4891,-5.1636,-2.559,-2.6046,0,0
2025-01-24,223.5588,224.4041,220.2071,221.5696,54697900,238.0049,30.7698,-5.5341,-3.1541,-2.38,1,1
2025-01-27,222.8029,230.8887,222.7631,228.6112,94863400,236.5956,42.2072,-5.1995,-3.5631,-1.6364,1,1
2025-01-28,229.5958,238.885,229.556,236.9655,75707600,235.5632,52.2802,-4.2117,-3.6929,-0.5189,1,1
2025-01-29,232.848,238.5568,232.7386,238.0596,45486100,234.7561,53.4251,-3.3025,-3.6148,0.3123,0,0
2025-01-30,237.3733,239.4818,235.9212,236.2992,55658300,234.0296,51.2927,-2.693,-3.4304,0.7374,0,0
2025-01-31,245.847,245.847,232.1717,234.7178,100959800,233.3125,49.3858,-2.3109,-3.2065,0.8956,0,0
2025-02-03,228.7404,230.5704,224.4737,226.7712,73063300,232.5248,41.1141,-2.6191,-3.089,0.4699,1,1
2025-02-04,226.0154,231.8634,225.4186,231.5352,45067300,231.9997,46.8604,-2.4507,-2.9614,0.5107,0,0
2025-02-05,227.2884,231.4059,227.0298,231.207,39620300,231.3766,46.5236,-2.317,-2.8325,0.5155,1,1
2025-02-06,230.0334,232.5298,229.1781,231.9529,29925300,230.9295,47.4481,-2.1264,-2.6913,0.5649,0,0
2025-02-07,231.3363,232.7287,226.0253,226.3933,39707200,230.1801,41.6661,-2.3963,-2.6323,0.236,1,1
2025-02-10,228.5738,229.5893,226.214,226.6621,33115600,229.735,42.0339,-2.559,-2.6176,0.0586,1,1
2025-02-11,227.2097,234.2092,227.14,231.6105,53718400,229.6592,48.4745,-2.2626,-2.5466,0.284,1,1
2025-02-12,230.1967,235.9317,229.679,235.8421,45243300,229.8507,53.2573,-1.667,-2.3707,0.7037,1,1
2025-02-13,235.8819,241.2884,234.5478,240.4819,53614100,230.0459,57.8746,-0.8112,-2.0588,1.2476,1,1
2025-02-14,240.2031,244.4844,239.9442,243.5385,40896200,230.8719,60.6335,0.1123,-1.6246,1.7369,0,0
2025-02-18,243.0905,244.116,240.7905,243.4091,48822500,231.6058,60.453,0.8243,-1.1348,1.9591,1,1
2025-02-19,243.5983,244.9424,242.1048,243.8074,32204200,232.7246,60.8394,1.4045,-0.6269,2.0314,1,1
2025-02-20,243.8771,245.7091,243.2299,244.7632,32316900,233.8321,61.804,1.9193,-0.1177,2.037,0,0
2025-02-21,244.8827,247.6108,244.1559,244.4844,53197400,234.9341,61.3295,2.2785,0.3616,1.917,1,1
2025-02-24,243.8671,247.7801,243.3593,246.0277,51326400,236.157,63.0219,2.6571,0.8207,1.8364,0,0
2025-02-25,246.9238,248.9151,243.8472,245.968,48013300,237.0248,62.9072,2.9187,1.2403,1.6784,0,0
2025-02-26,243.2697,243.9169,238.0923,239.3169,44433600,237.1424,51.6329,2.5598,1.5042,1.0556,0,0
2025-02-27,238.3711,241.4079,236.0313,236.2702,41153600,237.0529,47.4388,2.0064,1.6046,0.4018,1,1
2025-02-28,235.9217,241.0394,229.201,240.7905,56833400,237.2775,53.477,1.9105,1.6658,0.2447,0,0
2025-03-03,240.7407,242.971,235.0854,236.9971,47184000,237.3915,48.447,1.5111,1.6348,-0.1238,0,0
2025-03-04,236.6785,239.0282,233.6616,234.9062,53798100,237.7982,45.8852,1.0141,1.5107,-0.4966,0,0
2025-03-05,234.3984,235.5235,228.2352,234.717,47227600,237.9573,45.65,0.598,1.3282,-0.7301,0,0
2025-03-06,233.4226,236.8278,232.1482,234.3088,45170400,238.1124,45.1126,0.2327,1.1091,-0.8764,1,1
2025-03-07,234.0897,240.3226,233.7413,238.0326,46273600,238.4164,50.802,0.2409,0.9354,-0.6946,0,0
2025-03-10,234.5179,235.1352,223.247,226.4929,72071200,238.4214,37.7449,-0.676,0.6131,-1.2892,0,0
2025-03-11,222.8388,224.86,216.5064,219.8817,76137400,238.0823,32.5788,-1.9141,0.1077,-2.0218,0,0
2025-03-12,219.1847,220.7877,213.9774,216.0384,62547500,237.3037,30.0075,-3.1688,-0.5476,-2.6212,0,0
2025-03-13,215.0129,215.899,207.5156,208.7701,61368300,235.9501,25.852,-4.6956,-1.3772,-3.3184,1,1
2025-03-14,210.3333,213.0216,208.6705,212.5636,60107600,234.5542,31.2066,-5.5356,-2.2089,-3.3267,1,1
2025-03-17,212.3843,214.286,209.0588,213.0713,48073400,233.0309,31.9154,-6.0902,-2.9851,-3.1051,0,0
2025-03-18,213.2306,214.2163,210.5722,211.767,42432400,231.4487,31.031,-6.5593,-3.7,-2.8594,1,1
2025-03-19,213.2904,217.8107,212.8224,214.306,54385400,229.9737,34.8174,-6.6496,-4.2899,-2.3597,0,0
2025-03-20,213.0614,216.5462,211.2991,213.1709,48862900,228.3941,33.9208,-6.7351,-4.7789,-1.9562,1,1
2025-03-21,210.6419,217.8903,210.3631,217.3228,94127800,227.036,40.0065,-6.3941,-5.102,-1.2921,1,1
2025-03-24,220.041,220.5189,217.6315,219.7721,44299500,225.7232,43.3227,-5.8587,-5.2533,-0.6054,1,1
2025-03-25,219.812,223.1275,219.125,222.779,34493600,224.5638,47.1826,-5.1326,-5.2292,0.0966,0,0
2025-03-26,222.5401,224.0435,219.5133,220.5687,34466100,223.6263,44.769,-4.6816,-5.1197,0.4381,1,1
2025-03-27,220.4293,224.0137,219.6029,222.8786,37094800,222.9568,47.7756,-4.0906,-4.9138,0.8233,0,0
2025-03-28,220.7081,222.8388,216.7354,216.9544,39818600,221.765,41.5313,-4.0535,-4.7418,0.6883,1,1
2025-03-31,216.0683,224.6409,215.2917,221.1661,65299300,220.9734,46.8498,-3.6423,-4.5219,0.8796,1,1
2025-04-01,218.8561,222.7093,217.9501,222.2215,36412700,220.3392,48.1233,-3.1944,-4.2564,1.062,1,1
2025-04-02,220.3596,224.2128,220.0609,222.9184,35905900,219.7492,48.9924,-2.7515,-3.9554,1.2039,0,0
2025-04-03,204.6481,206.5896,200.3767,202.3083,103419000,218.1492,31.9469,-4.0173,-3.9678,-0.0495,0,0
2025-04-04,193.0486,199.0126,186.5271,187.5625,125910900,215.6257,25.1933,-6.1395,-4.4021,-1.7374,0,0
2025-04-07,176.431,193.3075,173.8622,180.6726,160466300,213.3347,22.771,-8.2818,-5.1781,-3.1038,0,0
2025-04-08,185.8898,189.514,168.4757,171.6718,120859500,210.9242,20.0579,-10.5839,-6.2592,-4.3247,1,1
2025-04-09,171.2038,199.7394,171.1441,197.9871,184395900,210.0216,41.8665,-10.1678,-7.0409,-3.1268,0,0
2025-04-10,188.2495,193.9348,182.2059,189.5937,121880000,209.0628,38.2795,-10.3954,-7.7118,-2.6835,1,1
2025-04-11,185.2924,198.6741,185.2526,197.2901,87435900,208.2991,43.0941,-9.8413,-8.1377,-1.7036,1,1
2025-04-14,210.5224,212.0159,200.2871,201.6412,101352900,207.7276,45.6742,-8.9479,-8.2998,-0.6482,0,0
2025-04-15,200.984,202.6269,198.933,201.2628,51343900,207.2024,45.4811,-8.1762,-8.275,0.0988,0,0
2025-04-16,197.4992,199.8291,191.5352,193.427,59732400,206.1585,41.562,-8.1035,-8.2407,0.1373,1,1
2025-04-17,196.3443,197.9672,193.5763,196.1252,52164700,205.3062,43.3715,-7.7389,-8.1404,0.4015,0,0
2025-04-21,192.4313,192.959,188.9863,192.3218,46742500,204.0561,41.4243,-7.6685,-8.046,0.3775,1,1
2025-04-22,195.2689,200.7152,195.1196,198.8732,52976400,203.0112,45.9276,-7.0033,-7.8375,0.8341,1,1
2025-04-23,205.106,207.0974,201.9199,203.7121,52929200,202.0578,49.0436,-6.0164,-7.4732,1.4569,1,1
2025-04-24,204.0009,207.9238,202.0593,207.4658,47311000,201.4027,51.3841,-4.8751,-6.9536,2.0785,1,1
2025-04-25,205.4745,208.8398,205.3052,208.3718,38222300,200.6774,51.9577,-3.8531,-6.3335,2.4804,1,1
2025-04-28,209.0887,210.5822,206.5597,209.2281,38743100,200.291,52.5277,-2.9402,-5.6548,2.7147,1,1
2025-04-29,207.7844,211.319,207.4658,210.2935,36827600,199.7474,53.2706,-2.1064,-4.9452,2.8387,1,1
2025-04-30,208.3917,212.6532,205.7731,211.5779,52286500,199.2152,54.2012,-1.3268,-4.2215,2.8947,1,1
2025-05-01,208.1727,213.6289,207.9935,212.3943,57365700,198.689,54.8172,-0.6356,-3.5043,2.8687,0,0
2025-05-02,205.1957,206.0918,201.2827,204.4589,101010600,198.7966,48.0527,-0.72,-2.9474,2.2275,0,0
2025-05-05,202.2187,203.2143,197.3499,198.0269,69018500,199.3198,43.38,-1.2909,-2.6161,1.3252,0,0
2025-05-06,197.3499,199.7793,196.165,197.6485,51216500,200.1686,43.1144,-1.7537,-2.4436,0.69,0,0
2025-05-07,198.3057,198.5745,192.4114,195.3984,68536700,201.3549,41.4875,-2.2758,-2.4101,0.1343,1,1
2025-05-08,196.862,199.1819,193.8352,196.633,50478900,201.2872,42.7637,-2.5604,-2.4401,-0.1203,1,1
2025-05-09,198.1364,199.6698,196.6828,197.6685,36453900,201.6909,43.8694,-2.6716,-2.4864,-0.1852,1,1
2025-05-12,210.33,210.6291,206.1228,210.1505,63775800,202.334,55.1235,-1.7326,-2.3357,0.6031,1,1
2025-05-13,209.7916,212.7526,208.3659,212.284,51909300,202.8661,56.7208,-0.807,-2.0299,1.223,0,0
2025-05-14,211.7855,213.2909,209.9411,211.6858,49325800,203.3873,56.1177,-0.1203,-1.648,1.5277,0,0
2025-05-15,210.31,212.3139,208.9043,210.8085,45029500,204.2563,55.1908,0.3491,-1.2486,1.5977,0,0
2025-05-16,211.7157,211.9251,209.1336,210.6191,54737900,204.981,54.9797,0.6978,-0.8593,1.5571,0,0
2025-05-19,207.2792,208.8445,203.6403,208.1466,46140500,205.7723,52.1739,0.7658,-0.5343,1.3001,0,0
2025-05-20,207.04,207.8375,204.408,206.2324,42496600,206.1402,50.0445,0.6576,-0.2959,0.9535,0,0
2025-05-21,204.5476,206.4119,200.1011,201.4769,59211800,206.0285,45.118,0.186,-0.1995,0.3855,0,0
2025-05-22,200.1011,202.1349,199.0941,200.7491,46742400,205.6926,44.3977,-0.2436,-0.2084,-0.0353,0,0
2025-05-23,193.0824,197.1002,192.8731,194.6776,78432900,205.0079,38.8282,-1.0618,-0.379,-0.6828,1,1
2025-05-27,197.6984,200.131,196.831,199.6026,56288500,204.5266,44.8696,-1.2979,-0.5628,-0.7351,1,1
2025-05-28,199.9814,202.1149,199.2935,199.812,45339700,204.0026,45.1177,-1.4513,-0.7405,-0.7108,0,0
2025-05-29,202.9624,203.1917,197.9077,199.3434,51396800,203.3908,44.6335,-1.5924,-0.9109,-0.6815,1,1
2025-05-30,198.7651,201.3473,196.183,200.2407,70819900,202.7832,45.8324,-1.6132,-1.0513,-0.5618,1,1
2025-06-02,199.6724,201.5168,199.5129,201.0881,35423300,202.6146,46.9995,-1.5435,-1.1498,-0.3937,1,1
2025-06-03,200.7391,203.1518,200.3503,202.6533,46381600,202.8459,49.1779,-1.3464,-1.1891,-0.1573,0,0
2025-06-04,202.2944,205.6143,201.4869,202.2047,43604000,203.0737,48.5618,-1.2125,-1.1938,-0.0187,0,0
2025-06-05,202.8826,204.1288,199.5428,200.0213,55126100,203.3049,45.5698,-1.2679,-1.2086,-0.0593,1,1
2025-06-06,202.3841,205.0759,201.437,203.3013,46607700,203.6383,50.5035,-1.0352,-1.1739,0.1387,0,0
2025-06-09,203.7699,205.375,199.4132,200.8388,72862600,203.7968,47.055,-1.0376,-1.1467,0.1091,1,1
2025-06-10,199.9914,203.73,199.9615,202.0551,54672600,203.3921,48.9107,-0.9305,-1.1034,0.1729,0,0
2025-06-11,202.8826,203.8796,197.8081,198.1769,60989900,202.6867,43.6567,-1.1455,-1.1118,-0.0336,1,1
2025-06-12,198.476,199.0742,196.7612,198.5957,43904600,202.0322,44.3518,-1.2674,-1.1429,-0.1244,0,0
2025-06-13,199.124,199.7621,195.1063,195.854,51447300,201.2845,40.8026,-1.5672,-1.2278,-0.3394,1,1
2025-06-16,196.7014,198.0872,195.9637,197.818,43020700,200.6444,44.2447,-1.6275,-1.3077,-0.3198,0,0
2025-06-17,196.6017,197.7881,194.6178,195.0465,38856200,199.9894,40.6524,-1.8773,-1.4217,-0.4557,1,1
2025-06-18,195.3455,196.9706,194.4782,195.9836,45394700,199.477,42.3566,-1.9769,-1.5327,-0.4442,1,1
2025-06-20,197.6386,201.0881,196.2628,200.3902,96813500,199.4226,49.6746,-1.6809,-1.5624,-0.1185,1,1
2025-06-23,201.0183,201.6862,198.3564,200.8887,55814300,199.4296,50.441,-1.39,-1.5279,0.1378,0,0
2025-06-24,201.9754,202.8228,199.5926,199.6923,54064000,199.6804,48.5306,-1.2418,-1.4707,0.2289,1,1
2025-06-25,200.8388,203.0521,200.0113,200.9485,39525700,199.7477,50.6444,-1.0112,-1.3788,0.3676,0,0
2025-06-26,200.8189,202.0252,198.8549,200.3902,50799100,199.7766,49.6681,-0.8636,-1.2757,0.4121,1,1
2025-06-27,201.2775,202.6035,199.3932,200.47,73188600,199.8329,49.817,-0.7318,-1.1669,0.4352,1,1
2025-06-30,201.3971,206.7608,198.6555,204.5475,91912800,200.0482,56.843,-0.2948,-0.9925,0.6977,1,1
2025-07-01,206.043,209.5523,205.5146,207.1895,78788900,200.3533,60.684,0.2616,-0.7417,1.0033,1,1
2025-07-02,208.2762,212.6927,207.5085,211.7955,67941800,200.8104,66.3129,1.062,-0.381,1.4429,1,1
2025-07-03,211.5064,213.9988,211.1674,212.9021,34955800,201.3453,67.5163,1.7652,0.0483,1.717,0,0
2025-07-07,212.0347,215.574,208.1665,209.313,50229000,201.8099,60.027,2.0098,0.4406,1.5692,1,1
2025-07-08,209.4626,210.7885,207.8176,209.3728,42848900,202.1135,60.1064,2.1833,0.7891,1.3942,1,1
2025-07-09,208.8943,210.6889,206.5913,210.4994,48749400,202.5965,61.6519,2.3842,1.1081,1.2761,1,1
2025-07-10,209.8713,212.8323,209.3928,211.7656,44443600,203.082,63.3694,2.6154,1.4096,1.2058,0,0
2025-07-11,209.9312,211.4864,209.2233,210.5194,39765800,203.6991,60.4974,2.6674,1.6612,1.0062,0,0
2025-07-14,209.2931,210.2701,206.9104,207.9871,38840100,204.1687,55.0387,2.4757,1.8241,0.6516,1,1
2025-07-15,208.5853,211.2472,208.2862,208.4756,42296300,204.7998,55.866,2.3363,1.9265,0.4098,1,1
2025-07-16,209.662,211.7556,208.007,209.5224,47490500,205.385,57.6638,2.2839,1.998,0.2859,0,0
2025-07-17,209.9312,211.1574,208.9541,209.3828,48068100,206.1018,57.3285,2.2057,2.0395,0.1662,1,1
2025-07-18,210.2302,211.1475,209.0638,210.5393,48974600,206.8296,59.4333,2.2116,2.0739,0.1376,1,1
2025-07-21,211.4565,215.1253,210.9879,211.8354,51377400,207.4019,61.7127,2.2943,2.118,0.1763,1,1
2025-07-22,212.4934,214.2979,211.5861,213.7495,46404100,208.0449,64.8537,2.4858,2.1916,0.2942,0,0
2025-07-23,214.3477,214.4973,211.7656,213.5003,46989300,208.7353,64.1161,2.5875,2.2707,0.3168,0,0
2025-07-24,213.2511,215.0356,212.8822,213.1115,46022600,209.3434,62.914,2.6067,2.3379,0.2688,1,1
2025-07-25,214.0486,214.587,212.7526,213.2311,40268800,209.9855,63.143,2.6016,2.3907,0.2109,1,1
2025-07-28,213.3807,214.1982,212.4136,213.4006,37858000,210.632,63.4869,2.5815,2.4288,0.1526,0,0
2025-07-29,213.5302,214.1583,210.1804,210.629,51411700,210.9361,54.5264,2.3152,2.4061,-0.0909,0,0
2025-07-30,211.2571,211.7456,207.0898,208.4158,45512500,210.9974,48.6244,1.9036,2.3056,-0.402,0,0
2025-07-31,207.8575,209.2034,206.5315,206.9403,80698400,210.7547,45.1182,1.4418,2.1328,-0.6911,0,0
2025-08-01,210.2302,212.932,200.8887,201.766,104434500,210.1978,35.4615,0.6507,1.8364,-1.1857,1,1
2025-08-04,203.8895,207.2493,201.0681,202.7331,75109300,209.8688,38.127,0.1007,1.4893,-1.3886,0,0
2025-08-05,202.7829,204.717,201.5467,202.3044,44155100,209.5154,37.3898,-0.3656,1.1183,-1.4839,1,1
2025-08-06,205.0062,214.7266,204.9663,212.603,108483100,209.6206,58.2661,0.0948,0.9136,-0.8188,1,1
2025-08-07,218.216,220.18,215.9229,219.3625,90224800,210.0004,66.226,0.9937,0.9296,0.064,1,1
2025-08-08,220.16,230.2992,218.5848,228.6542,113854000,210.9072,73.6625,2.4278,1.2292,1.1985,0,0
2025-08-11,227.4864,229.1233,224.3324,226.7478,61806100,211.8452,70.2451,3.3716,1.6577,1.7139,1,1
2025-08-12,227.5762,230.3609,226.638,229.2131,55626200,212.8821,72.0508,4.2693,2.18,2.0893,1,1
2025-08-13,230.6304,234.5529,229.9916,232.8861,69878500,214.0503,74.5309,5.217,2.7874,2.4296,0,0
2025-08-14,233.6147,234.6727,230.4109,232.3372,51916300,215.198,73.4814,5.8563,3.4012,2.4551,0,0
2025-08-15,233.5548,233.8343,228.9037,231.1494,56038700,216.2285,71.1471,6.1956,3.9601,2.2355,0,0
2025-08-18,231.2592,232.6765,229.6722,230.4507,37476200,217.1593,69.7436,6.3352,4.4351,1.9001,0,0
2025-08-19,230.84,232.427,228.9137,230.1214,39402600,217.9779,69.052,6.346,4.8173,1.5287,0,0
2025-08-20,229.5425,230.0316,225.3405,225.58,42263900,218.5819,60.1899,5.9199,5.0378,0.8821,0,0
2025-08-21,225.8395,226.0891,223.3543,224.4721,30621200,219.1499,58.2267,5.4303,5.1163,0.3139,1,1
2025-08-22,225.7397,228.6542,224.9812,227.3267,42477800,219.8547,61.6937,5.2124,5.1355,0.0769,0,0
2025-08-25,226.0491,228.8638,225.7996,226.7279,30983100,220.521,60.5582,4.9346,5.0954,-0.1607,1,1
2025-08-26,226.4384,229.0534,224.2626,228.8738,54575100,221.4333,63.1738,4.8319,5.0427,-0.2108,1,1
2025-08-27,228.1751,230.4607,227.8258,230.0515,31259500,222.5151,64.5629,4.7903,4.9922,-0.2019,1,1
2025-08-28,230.3809,232.966,228.9037,232.1176,38074700,223.7739,66.9201,4.8679,4.9673,-0.0994,0,0
2025-08-29,232.0677,232.936,230.9298,231.6984,39418400,225.2705,65.9613,4.8398,4.9418,-0.102,0,0
2025-09-02,228.8139,230.4108,226.5382,229.283,44075600,226.598,60.5763,4.57,4.8675,-0.2975,1,1
2025-09-03,236.7587,238.3956,233.9142,238.0163,66427800,228.3836,70.0857,5.0032,4.8946,0.1086,1,1
2025-09-04,237.9964,239.4436,236.2896,239.3239,47549400,229.7197,71.2056,5.3899,4.9937,0.3962,0,0
2025-09-05,239.5434,240.8609,238.0363,239.234,54870400,230.7133,71.0089,5.6242,5.1198,0.5044,0,0
2025-09-08,238.8448,239.6931,235.8904,237.4275,48999500,231.1519,67.0009,5.5996,5.2157,0.3839,0,0
2025-09-09,236.5491,238.3257,232.9161,233.9042,66313900,231.5097,59.8998,5.2355,5.2197,0.0158,0,0
2025-09-10,231.7483,231.9778,225.5202,226.3586,83440800,231.367,48.1339,4.2886,5.0335,-0.7449,1,1
2025-09-11,226.4484,230.0116,226.2188,229.5924,50208600,231.2023,52.4451,3.7558,4.778,-1.0221,1,1
2025-09-12,228.7839,234.0639,228.5843,233.6247,55824200,231.2667,57.2202,3.6173,4.5458,-0.9285,1,1
2025-09-15,236.5491,237.7369,234.5829,236.2497,42699500,231.5217,60.0336,3.6769,4.372,-0.6951,1,1
2025-09-16,236.7288,240.7611,235.8704,237.6969,63421100,231.884,61.5356,3.7972,4.2571,-0.4599,1,1
2025-09-17,238.5154,239.6432,237.2777,238.5354,46508000,232.3047,62.4167,3.915,4.1887,-0.2736,0,0
2025-09-18,239.5135,240.7411,236.1998,237.4275,44249600,232.8971,60.4462,3.8744,4.1258,-0.2514,1,1
2025-09-19,240.7711,245.8314,239.753,245.033,163741300,233.9251,67.9311,4.405,4.1816,0.2234,1,1
2025-09-22,247.8276,256.1518,247.648,255.5928,105517400,235.3384,75.0039,5.613,4.4679,1.1451,0,0
2025-09-23,255.3932,256.8504,253.0976,253.946,60275200,236.6993,72.3249,6.3641,4.8472,1.5169,0,0
2025-09-24,254.7345,255.2535,250.5624,251.83,42303700,237.8472,68.9187,6.7112,5.22,1.4912,1,1
2025-09-25,252.7283,256.6808,251.2311,256.3813,55202100,239.1636,71.9759,7.2698,5.6299,1.6398,0,0
2025-09-26,253.6166,257.1099,253.2972,254.974,46076300,240.3065,69.6932,7.5123,6.0064,1.5059,0,0
2025-09-29,254.0757,254.5149,252.5287,253.946,40127700,241.4188,67.9967,7.5346,6.312,1.2226,1,1
2025-09-30,254.3752,255.4331,252.6285,254.1456,37704300,242.662,68.1588,7.4822,6.5461,0.9361,1,1
2025-10-01,254.5548,258.2977,254.445,254.964,48713900,243.5094,68.8552,7.4212,6.7211,0.7001,1,1
2025-10-02,256.0919,257.6888,253.6665,256.6408,42630200,244.3752,70.289,7.4225,6.8614,0.5612,1,1
2025-10-03,254.1855,258.7468,253.4669,257.5291,49155600,245.29,71.0494,7.4099,6.9711,0.4388,0,0
2025-10-06,257.4992,258.5772,254.5648,256.2017,44664100,246.2287,68.2389,7.2096,7.0188,0.1908,0,0
2025-10-07,256.3214,256.9103,254.9441,255.9921,31955800,247.3331,67.7829,6.9539,7.0058,-0.0519,1,1
2025-10-08,256.032,258.0282,255.6228,257.5691,36496900,248.8936,69.4375,6.8,6.9647,-0.1646,0,0
2025-10-09,257.3195,257.5092,252.6584,253.5567,38322000,250.0918,60.8716,6.2819,6.8281,-0.5462,0,0
2025-10-10,254.455,255.8923,243.5358,244.8034,61999100,250.6508,47.1937,5.1062,6.4837,-1.3776,1,1
2025-10-13,248.9056,249.215,245.0928,247.1889,38142900,251.1977,50.4606,4.3171,6.0504,-1.7333,1,1
2025-10-14,246.1309,248.3766,244.2345,247.2986,35478000,251.6778,50.6121,3.6584,5.572,-1.9136,1,1
2025-10-15,249.0154,251.3409,246.9992,248.8656,33893600,252.1943,52.8286,3.2257,5.1027,-1.8771,0,0
2025-10-16,247.7777,248.5662,244.6637,246.9792,39777000,252.6719,49.9239,2.6994,4.6221,-1.9227,1,1
2025-10-17,247.5482,252.898,246.7996,251.81,49147000,253.0108,56.5174,2.6416,4.226,-1.5843,1,1
2025-10-20,255.4032,263.8771,255.1437,261.7411,90483000,253.3182,66.332,3.3585,4.0525,-0.694,1,1
2025-10-21,261.3818,264.7853,261.3319,262.2701,46695900,253.7344,66.7624,3.9241,4.0268,-0.1027,0,0
2025-10-22,262.1503,262.35,254.9441,257.9583,45015300,254.0408,60.0272,3.9786,4.0172,-0.0386,1,1
2025-10-23,259.4455,260.1242,257.5192,259.0862,32754900,254.176,61.1318,4.0659,4.0269,0.039,1,1
2025-10-24,260.6931,263.6275,258.6869,262.32,38253700,254.5433,64.1875,4.3459,4.0907,0.2552,1,1
2025-10-27,264.3761,268.608,264.1465,268.2986,44888200,255.261,69.0344,4.9927,4.2711,0.7216,1,1
2025-10-28,268.4783,269.3766,267.6399,268.4883,41534800,255.9781,69.1769,5.4576,4.5084,0.9492,1,1
2025-10-29,268.7677,270.8937,266.6018,269.1869,51086700,256.6892,69.7296,5.8155,4.7698,1.0457,1,1
2025-10-30,271.4725,273.6185,267.9692,270.8837,69886500,257.4014,71.0855,6.1649,5.0488,1.1161,0,0
2025-10-31,276.4631,276.7924,268.648,269.8557,86167100,258.0177,69.0668,6.2864,5.2964,0.9901,0,0
2025-11-03,269.9056,270.3347,265.7435,268.5381,50194600,258.6345,66.4619,6.2049,5.4781,0.7268,1,1
2025-11-04,267.8195,270.9735,267.1109,269.5263,49274800,259.3112,67.4534,6.1491,5.6123,0.5368,1,1
2025-11-05,268.099,271.1831,266.4222,269.6261,43683100,259.9141,67.5577,6.0433,5.6985,0.3448,0,0
2025-11-06,267.3804,272.8799,267.3804,269.2568,51204000,260.6991,66.7056,5.8621,5.7312,0.1309,0,0
2025-11-07,269.2867,271.772,266.2625,267.9593,48227400,261.8569,63.6675,5.5498,5.6949,-0.1451,1,1
2025-11-10,268.7086,273.4741,267.21,269.1781,41312400,262.9564,65.2678,5.3391,5.6238,-0.2847,1,1
2025-11-11,269.5578,275.6521,269.5478,274.9927,46208300,264.3411,71.6769,5.577,5.6144,-0.0374,0,0
2025-11-12,274.7429,275.4723,271.446,273.2144,48398000,265.5585,67.5702,5.558,5.6031,-0.0451,0,1
2025-11-13,273.8537,276.4413,271.8356,272.6949,49602800,266.8443,66.3738,5.4383,5.5702,-0.1318,0,1
2025-11-14,270.7966,275.702,269.348,272.1553,47431300,267.8615,65.0849,5.2396,5.5041,-0.2645,0,1
2025-11-17,268.5687,270.2371,265.4816,267.21,45018300,268.135,54.6159,4.6296,5.3292,-0.6995,0,1
2025-11-18,269.7376,270.4569,265.072,267.19,45677300,268.381,54.5777,4.0974,5.0828,-0.9854,1,1
2025-11-19,265.2818,271.9555,265.2518,268.3089,40424500,268.8985,56.416,3.723,4.8108,-1.0879,0,1
2025-11-20,270.5768,275.1725,265.6714,266.0011,45823600,269.2443,51.7628,3.2031,4.4893,-1.2862,1,1
2025-11-21,265.7014,273.0745,265.4216,271.2362,59030800,269.6901,59.8522,3.1769,4.2268,-1.0499,1,1
2025-11-24,270.6468,276.7411,270.6468,275.6621,65585800,270.0582,65.1703,3.4732,4.0761,-0.6029,1,1
2025-11-25,275.0127,280.1179,274.9927,276.7111,46914200,270.4694,66.3094,3.7495,4.0108,-0.2613,1,1
2025-11-26,276.7011,279.2687,276.3714,277.2905,33431400,270.8746,66.9523,3.9694,4.0025,-0.0331,1,1
2025-11-28,277.0008,278.7392,275.732,278.5893,20135600,271.2598,68.4076,4.2001,4.042,0.1581,1,1
2025-12-01,277.7501,283.1551,275.8819,282.8354,46587700,271.9088,72.6482,4.6717,4.168,0.5037,1,1
2025-12-02,282.7354,287.1313,282.3658,285.9225,53669500,272.778,75.2495,5.2342,4.3812,0.853,0,1
2025-12-03,285.9325,288.3502,283.0352,283.8844,43538700,273.4959,70.4836,5.4527,4.5955,0.8572,0,1
2025-12-04,283.8344,284.4638,278.3295,280.4376,43989100,274.0365,63.1942,5.2868,4.7338,0.553,0,1
2025-12-05,280.2777,280.8772,277.7901,278.5194,47265800,274.4996,59.5059,4.9435,4.7757,0.1678,0,1
2025-12-08,277.87,279.4086,275.8918,277.6302,38211800,274.9832,57.8213,4.5473,4.73,-0.1827,0,1
2025-12-09,277.9,279.7682,276.6611,276.9209,32193300,275.3703,56.4483,4.1285,4.6097,-0.4812,1,1
2025-12-10,277.4903,279.4885,276.1816,278.5194,33038300,275.5467,58.8212,3.8808,4.4639,-0.5831,0,1
2025-12-11,278.8391,279.3286,273.554,277.7701,33248000,275.7745,57.2467,3.5828,4.2877,-0.7049,1,1
2025-12-12,277.6402,278.959,276.5612,278.0199,39532900,276.0407,57.6536,3.3283,4.0958,-0.7675,0,1
2025-12-15,279.8881,279.8881,272.5849,273.8537,50409100,276.1256,49.2358,2.7587,3.8284,-1.0697,1,1
2025-12-16,272.565,275.2425,271.5359,274.3533,37648600,276.4828,50.1752,2.3209,3.5269,-1.206,0,1
2025-12-17,274.7529,275.9018,271.3861,271.5859,50138700,276.7026,45.1866,1.7306,3.1677,-1.437,1,1
2025-12-18,273.3542,273.3742,266.7005,271.9355,51630700,276.8839,45.9183,1.2764,2.7894,-1.513,1,0
2025-12-19,271.8956,274.3433,269.6477,273.4142,144632000,277.2546,49.0174,1.0238,2.4363,-1.4124,0,0
2025-12-22,272.6049,273.624,270.2571,270.7167,36571800,277.2286,44.0573,0.5992,2.0689,-1.4697,1,0
2025-12-23,270.5868,272.2453,269.308,272.1054,29642000,277.0508,47.029,0.3704,1.7292,-1.3588,1,0
2025-12-24,272.0854,275.1725,271.9455,273.554,17910600,276.8929,50.0121,0.3025,1.4438,-1.1414,0,1
2025-12-26,273.9037,275.1126,272.6049,273.1444,21521800,276.6856,49.1689,0.2131,1.1977,-0.9845,1,1
2025-12-29,272.4351,274.1035,272.0954,273.5041,23715200,276.4313,49.9666,0.1694,0.992,-0.8226,0,1
2025-12-30,272.555,273.8238,272.0255,272.8247,22139600,275.9308,48.4209,0.079,0.8094,-0.7304,0,0
2025-12-31,272.8047,273.4241,271.496,271.6058,27293600,275.215,45.6902,-0.0899,0.6296,-0.7195,0,1
2026-01-02,272.0055,277.5803,268.7485,270.7567,37838100,274.5586,43.8353,-0.289,0.4459,-0.7348,0,1
2026-01-05,270.387,271.2562,265.8912,267.0102,45647200,273.8872,36.7474,-0.7405,0.2086,-0.9491,0,0
2026-01-06,266.7504,267.2999,261.8749,262.1147,52352100,273.067,29.936,-1.4764,-0.1284,-1.348,0,1
2026-01-07,262.954,263.4335,259.5671,260.0866,48309800,272.1898,27.6494,-2.1979,-0.5423,-1.6556,0,1
2026-01-08,256.7797,259.0476,255.461,258.7979,50419300,271.2837,26.276,-2.8409,-1.002,-1.8389,1,1
2026-01-09,258.8378,259.9667,255.9805,259.1275,39997000,270.3141,27.2713,-3.286,-1.4588,-1.8272,1,1
2026-01-12,258.9177,261.0557,256.5599,260.0067,45263800,269.4259,29.9857,-3.5272,-1.8725,-1.6547,1,1
2026-01-13,258.4781,261.5652,258.1485,260.8059,45730800,268.5652,32.4538,-3.6122,-2.2204,-1.3917,0,1
2026-01-14,259.2474,261.5753,256.47,259.717,40019400,267.8584,30.8577,-3.7245,-2.5212,-1.2032,0,1
2026-01-15,260.4063,260.796,256.8097,257.9686,39388600,267.0391,28.4393,-3.9095,-2.7989,-1.1106,0,1
2026-01-16,257.6589,258.658,254.6917,255.2911,72142800,266.2244,25.1842,-4.2235,-3.0838,-1.1397,0,1
2026-01-20,252.4937,254.5518,243.1924,246.4694,80267500,264.9511,17.9104,-5.1251,-3.492,-1.633,1,1
2026-01-21,248.4675,251.3248,244.9508,247.4185,54641700,263.6513,20.5685,-5.6973,-3.9331,-1.7642,1,1
2026-01-22,248.967,250.7654,247.918,248.1178,39708300,262.5214,22.5584,-6.025,-4.3515,-1.6735,0,1
2026-01-23,247.0888,249.1769,244.4513,247.8081,41689000,261.3065,22.2921,-6.2377,-4.7287,-1.509,1,1
2026-01-26,251.2449,256.3202,249.5665,255.1712,55969200,260.3873,40.3293,-5.7459,-4.9322,-0.8138,1,1
2026-01-27,258.9277,261.7051,257.9686,258.0285,49648300,259.6316,45.6056,-5.0672,-4.9592,-0.108,0,1
2026-01-28,257.4091,258.618,254.2721,256.2003,41288000,258.7664,42.9864,-4.6236,-4.892,0.2685,1,1
2026-01-29,257.7588,259.4073,254.1722,258.0385,67253000,258.0271,46.3244,-4.0766,-4.729,0.6523,1,1
2026-01-30,254.9314,261.6551,251.9442,259.2374,92443400,257.4086,48.4444,-3.506,-4.4844,0.9783,1,0
2026-02-02,259.7869,270.2371,258.9677,269.7576,73913400,257.3587,62.457,-2.1798,-4.0235,1.8436,0,0
2026-02-03,268.9484,271.6258,267.3598,269.2281,64394700,257.4696,61.5503,-1.1582,-3.4504,2.2922,1,1
2026-02-04,272.0355,278.6892,272.0355,276.2315,90545700,258.1754,68.1391,0.2142,-2.7175,2.9317,0,0
2026-02-05,277.87,279.2387,272.9746,275.6521,52977400,258.9537,67.1143,1.2407,-1.9259,3.1665,1,0
2026-02-06,276.8609,280.6474,276.6711,277.86,50453400,259.9068,69.0258,2.2069,-1.0993,3.3062,0,1
2026-02-09,277.91,278.2,271.7,274.62,44623400,260.6814,63.2187,2.6803,-0.3434,3.0237,0,0
2026-02-10,274.89,275.37,272.94,273.68,34376900,261.3651,61.5996,2.9457,0.3145,2.6313,1,1
2026-02-11,274.7,280.18,274.45,275.5,51931300,262.0998,63.5463,3.2653,0.9046,2.3606,0,0
2026-02-12,275.59,275.72,260.18,261.73,81077200,262.2004,44.9703,2.3799,1.1997,1.1803,0,1
2026-02-13,262.01,262.23,255.45,255.78,56290700,262.091,39.5855,1.1845,1.1967,-0.0121,1,1
2026-02-17,258.05,266.29,255.54,263.88,58469100,262.5205,48.6073,0.8806,1.1334,-0.2528,1,0
2026-02-18,263.6,266.82,262.45,264.35,34203300,263.4145,49.0825,0.67,1.0408,-0.3708,0,0
2026-02-19,262.6,264.48,260.05,260.58,30845300,264.0726,45.4525,0.1966,0.8719,-0.6753,1,1
2026-02-20,258.97,264.75,258.16,264.58,42070500,264.8957,49.7028,0.1425,0.726,-0.5835,1,0
2026-02-23,263.49,269.43,263.38,266.18,37308200,265.8143,51.3363,0.2262,0.6261,-0.3999,1,0
2026-02-24,267.86,274.89,267.71,272.14,47014600,266.6627,56.9453,0.7646,0.6538,0.1108,1,1
2026-02-25,271.78,274.94,271.05,274.23,33714300,267.4728,58.7412,1.3444,0.7919,0.5525,0,1
2026-02-26,274.95,276.11,270.8,272.95,32345100,268.3103,57.1684,1.6813,0.9698,0.7115,0,1
2026-02-27,272.81,272.81,262.89,264.18,72366500,268.6173,47.7374,1.2264,1.0211,0.2053,1,1
2026-03-02,262.41,266.53,260.2,264.72,41827900,268.8915,48.3029,0.8992,0.9967,-0.0975,0,0
2026-03-03,263.48,265.56,260.13,263.75,38568900,268.5911,47.3126,0.5552,0.9084,-0.3532,0,0
2026-03-04,264.65,266.15,261.42,262.52,39803100,268.2557,46.024,0.1812,0.763,-0.5818,0,1
2026-03-05,260.79,261.56,257.25,260.29,49658600,267.4586,43.7001,-0.2918,0.552,-0.8438,0,1
2026-03-06,258.63,258.77,254.37,257.46,41120000,266.549,40.8791,-0.8848,0.2647,-1.1494,1,1
2026-03-09,255.69,261.15,253.68,259.88,38218500,265.65,44.1965,-1.1462,-0.0175,-1.1287,1,1
2026-03-10,257.65,262.48,256.95,260.83,30590800,264.9605,45.4895,-1.2622,-0.2665,-0.9958,0,1
2026-03-11,261.09,262.13,259.55,260.81,26218900,264.317,45.4657,-1.3403,-0.4812,-0.8591,0,1
2026-03-12,258.66,258.95,254.18,255.76,40794000,263.33,39.7851,-1.7891,-0.7428,-1.0463,0,1
2026-03-13,255.48,256.33,249.52,250.12,36930000,262.7495,34.5876,-2.5702,-1.1083,-1.4619,1,0
2026-03-16,252.11,253.89,249.88,252.82,32074200,262.6015,38.7152,-2.9375,-1.4741,-1.4634,1,1
2026-03-17,252.96,255.13,252.18,254.23,32361600,262.119,40.8155,-3.0793,-1.7952,-1.2842,0,1
2026-03-18,252.63,254.94,249.0,249.94,35757900,261.3985,36.6949,-3.4976,-2.1356,-1.3619,0,1
2026-03-19,249.4,251.83,247.3,248.96,34864100,260.8175,35.8056,-3.8636,-2.4812,-1.3823,0,1
2026-03-20,247.98,249.2,246.0,247.99,88331100,259.988,34.9039,-4.1837,-2.8217,-1.362,1,1
2026-03-23,253.97,254.6,250.28,251.49,40546100,259.2535,40.706,-4.1076,-3.0789,-1.0287,1,1
2026-03-24,250.35,254.83,249.55,251.64,45152300,258.2285,40.9489,-3.9892,-3.261,-0.7283,1,1
2026-03-25,254.1,255.0,251.6,252.62,28476700,257.148,42.6034,-3.7728,-3.3633,-0.4095,1,1
2026-03-26,252.12,257.0,250.77,252.89,41796700,256.145,43.0766,-3.5388,-3.3984,-0.1403,0,1
2026-03-27,253.9,255.49,248.07,248.8,47900000,255.376,37.9699,-3.6413,-3.447,-0.1943,0,1
